"id","Title","Links","Published","category"
"0_0","Some on-air claims about Dominion Voting Systems were false, Fox News acknowledges in statement after deal is announced","https://www.cnn.com/business/live-news/fox-news-dominion-trial-04-18-23/index.html","Wed, 19 Apr 2023 12:44:51 GMT","Others"
"0_1","Dominion still has pending lawsuits against election deniers such as Rudy Giuliani and Sidney Powell","https://www.cnn.com/business/live-news/fox-news-dominion-trial-04-18-23/h_8d51e3ae2714edaa0dace837305d03b8","No date","Terrorism / protest / political unrest / riot"
"0_10","Jamie Foxx remains hospitalized nearly a week after 'medical complication'","https://www.cnn.com/2023/04/17/entertainment/jamie-foxx-remains-hospitalized/index.html","Tue, 18 Apr 2023 00:27:07 GMT","Others"
"0_11","A 13-year-old dies after participating in a Benadryl TikTok 'challenge'","https://www.cnn.com/2023/04/18/us/benadryl-tiktok-challenge-teen-death-wellness/index.html","Wed, 19 Apr 2023 15:01:06 GMT","Others"
"0_12","See pizza delivery guy take out suspect fleeing police","https://www.cnn.com/videos/us/2023/04/18/pizza-guy-trips-perp-moos-cprog-orig-bdk.cnn","Tue, 18 Apr 2023 16:40:22 GMT","Others"
"0_13","Netflix is winding down its DVD business after 25 years","https://www.cnn.com/2023/04/18/media/netflix-dvd-red-envelopes/index.html","Tue, 18 Apr 2023 20:10:51 GMT","Others"
"0_14","FTC chair Lina Khan warns AI could 'turbocharge' fraud and scams","https://www.cnn.com/2023/04/18/tech/lina-khan-ai-warning/index.html","Tue, 18 Apr 2023 17:59:38 GMT","Others"
"0_15","Eating too much of these foods is driving the rise in type 2 diabetes, study says","https://www.cnn.com/2023/04/17/health/rise-type-2-diabetes-global-wellness/index.html","Mon, 17 Apr 2023 16:02:46 GMT","Others"
"0_16","ADHD medication abuse in schools is a 'wake-up call'","https://www.cnn.com/2023/04/18/health/teen-misuse-adhd-meds-wellness/index.html","Tue, 25 Apr 2023 17:44:36 GMT","Others"
"0_17","Apple CEO was presented with an original Macintosh. See his reaction","https://www.cnn.com/videos/tech/2023/04/18/apple-store-mumbai-india-ceo-tim-cook-vedika-sud-ovn-biz-ldn-vpx.cnn","Tue, 18 Apr 2023 09:17:25 GMT","Others"
"0_18","Democrats bash Justice Clarence Thomas but their plan to investigate ethics allegations is unclear","https://www.cnn.com/2023/04/18/politics/clarence-thomas-ethics-democrats/index.html","Tue, 18 Apr 2023 20:29:46 GMT","Others"
"0_19","Russia is 'going backwards' in equipment and deploying post WWII-era tanks, according to Western officials","https://www.cnn.com/europe/live-news/russia-ukraine-war-news-04-18-23/index.html","No date","Others"
"0_2","Here are the 20 specific Fox broadcasts and tweets Dominion says were defamatory","https://www.cnn.com/2023/04/17/media/dominion-fox-news-allegations/index.html","Mon, 17 Apr 2023 16:01:11 GMT","Terrorism / protest / political unrest / riot"
"0_20","Two Russians claiming to be former Wagner commanders admit killing children and civilians in Ukraine","https://www.cnn.com/2023/04/17/europe/wagner-commanders-russia-kill-children-intl-hnk/index.html","Tue, 18 Apr 2023 19:07:52 GMT","Others"
"0_21","'My stomach is hurting from laughing': Hear panelist's reaction to DeSantis' threat to Disney","https://www.cnn.com/videos/business/2023/04/18/desantis-disney-competition-panel-reax-pt-vpx.cnn","Tue, 18 Apr 2023 03:24:56 GMT","Others"
"0_22","GOP prepared to block vote to replace Feinstein on Senate Judiciary","https://www.cnn.com/2023/04/18/politics/schumer-senate-feinstein-vote-cardin/index.html","Tue, 18 Apr 2023 22:03:13 GMT","Positive/Uplifting"
"0_23","Oklahoma governor calls on officials to resign over recording of racist and threatening remarks","https://www.cnn.com/2023/04/18/us/mccurtain-county-oklahoma-officials-recording/index.html","Tue, 18 Apr 2023 17:33:17 GMT","Others"
"0_24","McCarthy slams Biden in handling of US debt","https://www.cnn.com/videos/politics/2023/04/18/kevin-mccarthy-wall-street-speech-debt-ceiling-biden-economy-vpx.cnn","Tue, 18 Apr 2023 22:03:01 GMT","Others"
"0_25","US warns Russia not to touch American nuclear technology at Ukrainian nuclear plant","https://www.cnn.com/2023/04/18/politics/us-warns-russia-zaporizhzhia-nuclear-plant/index.html","Wed, 19 Apr 2023 08:35:33 GMT","Others"
"0_26","Repeated gunshots fired on live TV as ex-lawmaker shot by assassins","https://www.cnn.com/videos/world/2023/04/18/india-ex-lawmaker-atiq-ahmed-assassination-sud-pkg-contd-ovn-intl-hnk-vpx.cnn","Tue, 18 Apr 2023 09:41:42 GMT","Others"
"0_27","FDA clears the way for additional bivalent boosters for certain vulnerable individuals","https://www.cnn.com/2023/04/18/health/fda-bivalent-booster-additional-doses/index.html","Tue, 18 Apr 2023 15:09:15 GMT","Others"
"0_28","Maine authorities detained a person of interest after 4 people were found dead in a home and 3 others shot while driving","https://www.cnn.com/2023/04/18/us/maine-shooting-bowdoin-yarmouth/index.html","Wed, 19 Apr 2023 01:49:51 GMT","Others"
"0_29","Southwest says flights resumed after delays caused by 'tech issues'","https://www.cnn.com/travel/article/southwest-airlines-flight-delays/index.html","Tue, 18 Apr 2023 17:15:29 GMT","Others"
"0_3","Judge in Fox News-Dominion defamation trial: 'The parties have resolved their case'","https://www.cnn.com/2023/04/18/media/fox-dominion-settlement/index.html","Wed, 19 Apr 2023 08:28:17 GMT","Others"
"0_30","Damar Hamlin cleared to resume football activities after January cardiac arrest","https://www.cnn.com/2023/04/18/sport/damar-hamlin-cleared-to-train-nfl-spt-intl/index.html","Tue, 18 Apr 2023 22:11:37 GMT","Others"
"0_31","Pilot makes history after landing on top of a 56-story hotel","https://www.cnn.com/videos/travel/2023/03/17/pilot-lands-on-dubai-helipad-cprog-orig-aw-ao.cnn","Sun, 19 Mar 2023 11:22:30 GMT","Others"
"0_32","Top US Navy admiral defends non-binary sailor amid some Republican criticism","https://www.cnn.com/2023/04/18/politics/gilday-defends-non-binary-sailor/index.html","Tue, 18 Apr 2023 19:56:40 GMT","Others"
"0_33","Fulton County DA says fake Trump electors are incriminating one another and wants lawyer disqualified","https://www.cnn.com/2023/04/18/politics/fulton-county-trump-fake-electors/index.html","Wed, 19 Apr 2023 15:31:24 GMT","Others"
"0_34","High speed trains are racing across the world. But not in America","https://www.cnn.com/travel/article/high-speed-rail-us/index.html","Wed, 19 Apr 2023 02:39:40 GMT","Others"
"0_35","Podcast: One country musician is calling for other artists to oppose assault rifles","https://www.cnn.com/audio/podcasts/the-assignment/episodes/42a2f0e2-066a-4675-82ff-afe2016a0bb5","No date","Others"
"0_36","Here's what you need to know if you haven't filed your return yet — and even if you have","https://www.cnn.com/2023/04/18/success/tax-day-2023-file-irs/index.html","Tue, 18 Apr 2023 14:15:43 GMT","Others"
"0_37","Undocumented immigrants are paying their taxes today, too","https://www.cnn.com/2023/04/18/us/undocumented-immigrants-taxes-cec/index.html","Tue, 18 Apr 2023 18:29:24 GMT","Others"
"0_38","Opinion: Why millionaires like us want to pay more in taxes","https://www.cnn.com/2023/04/17/opinions/us-tax-system-wealthy-disney-pearl/index.html","Mon, 17 Apr 2023 19:32:49 GMT","Positive/Uplifting"
"0_39","'World's longest' purpose-built cycling tunnel opens in Norway","https://www.cnn.com/travel/article/worlds-longest-cycling-tunnel/index.html","Tue, 18 Apr 2023 10:44:27 GMT","Others"
"0_4","'Difficult to say with a straight face': Tapper reacts to Fox News' statement on settlement","https://www.cnn.com/videos/politics/2023/04/18/jake-tapper-dominion-lawsuit-settlement-fox-news-statement-lead-vpx.cnn","Tue, 18 Apr 2023 21:17:44 GMT","Others"
"0_40","Artist rejects photo prize after AI-generated image wins award","https://www.cnn.com/style/article/ai-photo-win-sony-scli-intl/index.html","Tue, 18 Apr 2023 15:27:54 GMT","Others"
"0_41","These ships disappeared in Lake Superior a century ago. Watch as they're found again","https://www.cnn.com/videos/travel/2023/04/18/century-old-shipwrecks-lake-superior-discovery-contd-orig-zt.cnn","Tue, 18 Apr 2023 19:29:01 GMT","Others"
"0_42","Erotic images of seniors show sex and intimacy in new light","https://www.cnn.com/style/article/marilyn-minter-artist-elder-sex/index.html","Tue, 18 Apr 2023 03:24:57 GMT","Others"
"0_43","China's economy is off to a solid start, rising 4.5% in Q1 2023","https://www.cnn.com/2023/04/17/economy/china-gdp-q1-2023-intl-hnk/index.html","Tue, 18 Apr 2023 07:01:12 GMT","Others"
"0_44","Even when wives make as much as husbands, they still do more at home","https://www.cnn.com/2023/04/16/success/husbands-wives-earning-division-of-labor-pew-survey/index.html","Sun, 16 Apr 2023 17:29:49 GMT","Others"
"0_45","McDonald's is upgrading its burgers","https://www.cnn.com/2023/04/17/business/mcdonalds-burgers/index.html","Mon, 17 Apr 2023 16:31:30 GMT","Others"
"0_46","Google-parent stock drops on fears it could lose search market share to AI-powered rivals","https://www.cnn.com/2023/04/17/tech/google-ai-search-engine-stock-drop/index.html","Mon, 17 Apr 2023 15:52:19 GMT","Others"
"0_47","Bidets save you money and reduce waste — we tested the best options out there","https://www.cnn.com/cnn-underscored/reviews/best-bidets?iid=CNNUnderscoredHPcontainer","No date","Others"
"0_48","50+ products to make your life easier and our planet cleaner","https://www.cnn.com/cnn-underscored/home/editors-favorite-sustainable-products?iid=CNNUnderscoredHPcontainer","No date","Others"
"0_49","Mother's Day is around the corner. Here are 50+ thoughtful gifts she'll love","https://www.cnn.com/cnn-underscored/gifts/best-mothers-day-gifts-2023?iid=CNNUnderscoredHPcontainer","No date","Others"
"0_5","Millions in the US could face massive consequences unless McCarthy can navigate out of a debt trap he set for Biden","https://www.cnn.com/2023/04/18/politics/mccarthy-biden-debt-ceiling/index.html","Tue, 18 Apr 2023 20:34:45 GMT","Others"
"0_50","A head-to-toe guide of how men should dress this spring, and where they should shop","https://www.cnn.com/cnn-underscored/fashion/mens-spring-fashion-style-guide?iid=CNNUnderscoredHPcontainer","No date","Others"
"0_51","42 of the most useful travel products you can buy on Amazon","https://www.cnn.com/cnn-underscored/travel/amazon-travel-products?iid=CNNUnderscoredHPcontainer","No date","Others"
"0_52","The 7 best high-yield savings accounts of April 2023","https://www.cnn.com/cnn-underscored/money/high-yield-savings-accounts?iid=CNNUnderscoredHPcontainer","No date","Others"
"0_53","Taxes are due tomorrow. Here's how to file for an extension","https://www.cnn.com/cnn-underscored/money/how-to-file-taxes?iid=CNNUnderscoredHPcontainer","No date","Others"
"0_54","Composting is an easy way to reduce food waste. Here's how to do it","https://www.cnn.com/cnn-underscored/home/how-to-compost-at-home?iid=CNNUnderscoredHPcontainer","No date","Others"
"0_55","We stopped using aluminum foil for cooking and you should too. Here's what to use instead","https://www.cnn.com/cnn-underscored/reviews/mmmat-silicone-mats?iid=CNNUnderscoredHPcontainer","No date","Others"
"0_56","The beloved Dyson Supersonic hair dryer is at its lowest price ever","https://www.cnn.com/cnn-underscored/deals/dyson-supersonic-sale-2023-04-17?iid=CNNUnderscoredHPcontainer?iid=CNNUnderscoredHPcontainer","No date","Others"
"0_57","Everything you need to know about Way Day 2023, Wayfair's biggest sale of the year","https://www.cnn.com/cnn-underscored/deals/wayfair-way-day-2023-04-17?iid=CNNUnderscoredHPcontainer","No date","Others"
"0_58","The 10 best Amazon deals to shop this week","https://www.cnn.com/cnn-underscored/deals/best-amazon-deals-2023-04-12?iid=CNNUnderscoredHPcontainer","No date","Others"
"0_59","Mifepristone saved my life","https://www.cnn.com/2023/04/18/opinions/medication-abortion-mifepristone-miscarriage-jones-ctpr/index.html","Tue, 18 Apr 2023 11:30:00 GMT","Terrorism / protest / political unrest / riot"
"0_6","White homeowner accused of shooting a Black teen who rang his doorbell turns himself in to face criminal charges","https://www.cnn.com/2023/04/18/us/kansas-city-ralph-yarl-shooting-tuesday/index.html","Wed, 19 Apr 2023 04:29:05 GMT","Others"
"0_60","The 2024 presidential alternative many voters will want","https://www.cnn.com/2023/04/18/opinions/2024-presidential-election-alternative-voters-lieberman","No date","Others"
"0_61","Why isn't the House Judiciary Committee looking into Thomas?","https://www.cnn.com/2023/04/17/opinions/jim-jordan-clarence-thomas-judiciary-committee-obeidallah/index.html","Mon, 17 Apr 2023 11:37:37 GMT","Others"
"0_62","Top secrets come spilling out","https://www.cnn.com/2023/04/16/opinions/top-secrets-come-spilling-out-opinion-column-galant/index.html","Sun, 16 Apr 2023 11:22:36 GMT","Others"
"0_63","How did Sudan go from casting off despotic rule to this?","https://www.cnn.com/2023/04/17/opinions/sudan-revolution-to-civil-war-lynch/index.html","Mon, 17 Apr 2023 22:45:23 GMT","Others"
"0_64","Michelle Yeoh set to return in new 'Star Trek' movie","https://www.cnn.com/2023/04/18/entertainment/michelle-yeoh-star-trek-section-31/index.html","Tue, 18 Apr 2023 19:11:23 GMT","Others"
"0_65","Recap: 'Succession' finds dark humor in the aftershocks","https://www.cnn.com/2023/04/16/entertainment/succession-season-4-episode-4-recap/index.html","Mon, 17 Apr 2023 02:28:12 GMT","Positive/Uplifting"
"0_66","'Yellowjackets' leans hard into '90s music nostalgia, and we're here for it","https://www.cnn.com/2023/04/14/entertainment/yellowjackets-90s-music/index.html","Mon, 01 May 2023 23:02:04 GMT","Others"
"0_67","Jeremy Renner revisits 'the amazing group of people' who helped him recover from his accident","https://www.cnn.com/2023/04/16/entertainment/jeremy-renner-update/index.html","Sun, 16 Apr 2023 19:04:10 GMT","Others"
"0_68","Review: 'Barry' takes a whack at its farewell season","https://www.cnn.com/2023/04/14/entertainment/barry-season-4-review/index.html","Fri, 14 Apr 2023 12:33:08 GMT","Others"
"0_7","Newly released video shows scene of Jeremy Renner's snowplow accident","https://www.cnn.com/videos/us/2023/04/18/jeremy-renner-snowplow-accident-bodycam-nc-melas-contd-vpx.cnn","Tue, 18 Apr 2023 14:09:43 GMT","Others"
"0_8","Jake Gyllenhaal and Jamie Lee Curtis spent the Covid-19 lockdown together","https://www.cnn.com/2023/04/18/entertainment/jake-gyllenhaal-jamie-lee-curtis-pandemic-living/index.html","Tue, 18 Apr 2023 14:40:32 GMT","Others"
"0_9","Toddler crawls through White House fence, prompts Secret Service response","https://www.cnn.com/2023/04/18/politics/white-house-toddler/index.html","Tue, 18 Apr 2023 17:38:16 GMT","Others"
"1_0","The 10 most valuable private companies in the world","https://qz.com/unicorn-startup-private-company-openai-bytedance-spacex-1851666550","Wed, 09 Oct 2024 09:00:00 GMT","Others"
"1_1","15 cities with the most expensive fast food in America","https://qz.com/fast-food-prices-most-expensive-us-1851650418","Wed, 09 Oct 2024 09:00:00 GMT","Positive/Uplifting"
"1_10","The next Nvidia? Data center stocks could be a goldmine, strategist says","https://qz.com/next-nvidia-data-center-companies-could-be-a-goldmine-1851668022","Tue, 08 Oct 2024 17:46:00 GMT","Others"
"1_11","Home Depot says corporate employees have to try working in actual stores","https://qz.com/home-depot-corp-employees-work-in-store-shift-retail-1851667924","Tue, 08 Oct 2024 17:25:00 GMT","Others"
"1_12","Look inside Clint Eastwood’s California home that just sold for more than $18 million","https://qz.com/clint-eastwoods-former-home-sells-18-55-million-1851667945","Tue, 08 Oct 2024 17:09:00 GMT","Others"
"1_13","WeightWatchers is getting in on the off-brand weight loss drug game — and selling them cheap","https://qz.com/weight-watchers-compounded-semaglutide-1851667926","Tue, 08 Oct 2024 16:59:55 GMT","Others"
"1_14","A self-driving truck startup wants Waymo, Cruise, and others to follow its lead on safety","https://qz.com/gatik-av-self-driving-trucks-safety-waymo-cruise-tesla-1851663459","Tue, 08 Oct 2024 16:02:00 GMT","Others"
"1_15","Kamala Harris wants Medicare to help cover in-home eldercare. Here's how she plans to pay for it","https://qz.com/kamala-harris-eldercare-funding-medicare-1851667707","Tue, 08 Oct 2024 15:04:50 GMT","Others"
"1_16","Two AI pioneers won the Nobel Prize for their work in machine learning","https://qz.com/ai-geoffrey-hinton-john-hopfield-machine-learning-nobel-1851667556","Tue, 08 Oct 2024 14:43:00 GMT","Others"
"1_17","Toyota is delaying plans to make electric cars in America","https://qz.com/toyotal-evs-electric-cars-hybrids-us-production-1851667677","Tue, 08 Oct 2024 14:41:05 GMT","Others"
"1_18","Bitcoin creator Satoshi Nakamoto unmasked: Will HBO reveal who really made the cryptocurrency?","https://qz.com/bitcoin-creator-satoshi-nakamoto-hbo-documentary-1851667608","Tue, 08 Oct 2024 14:25:35 GMT","Others"
"1_19","Even a grocery store is offering free streaming perks now","https://qz.com/kroger-disney-plus-membership-streaming-1851667620","Tue, 08 Oct 2024 14:12:00 GMT","Others"
"1_2","Ozempic and prescription weight loss drugs: How they work, what they cost, side effects, and everything to know","https://qz.com/ozempic-wegovy-zepbound-weight-loss-drugs-cost-effects-1851660134","Wed, 09 Oct 2024 09:00:00 GMT","Others"
"1_20","10 cities where low mortgage rates have homeowners locked in 'golden handcuffs'","https://qz.com/homeowners-mortgage-rates-golden-handcuffs-lock-in-1851667517","Tue, 08 Oct 2024 14:00:00 GMT","Others"
"1_21","Tesla's big robotaxi event might not even have real cars","https://qz.com/tesla-robotaxi-event-elon-musk-self-driving-cars-evs-1851667564","Tue, 08 Oct 2024 13:28:25 GMT","Others"
"1_22","SpaceX says it could launch Starship soon if the FAA lets it","https://qz.com/spacex-starship-rocket-fifth-launch-test-elon-musk-faa-1851667523","Tue, 08 Oct 2024 13:15:00 GMT","Others"
"1_23","Uber will use ChatGPT to get more people to use EVs","https://qz.com/uber-green-electric-vehicles-evs-ai-assistant-1851667513","Tue, 08 Oct 2024 13:13:47 GMT","Others"
"1_24","Everything to know about Nvidia, from the stock to its AI chips","https://qz.com/nvidia-stock-ai-chips-market-cap-1851647728","Tue, 08 Oct 2024 09:00:00 GMT","Others"
"1_25","Why are the world's wealthiest families flocking to family offices?","https://qz.com/why-world-wealthiest-families-flocking-family-offices-1851665724","Tue, 08 Oct 2024 09:00:00 GMT","Others"
"1_26","The top 10 mental health apps to try on World Mental Health Day","https://qz.com/calm-finch-world-mental-health-day-apps-1851666018","Tue, 08 Oct 2024 09:00:00 GMT","Others"
"1_27","Costco's gold bars are selling out fast","https://qz.com/costco-gold-bars-metal-silver-platinum-retail-consumer-1851667327","Mon, 07 Oct 2024 22:15:00 GMT","Others"
"1_28","FTX shareholders could get $1 billion after crypto firm is cleared to fully repay customers","https://qz.com/ftx-shareholders-billion-seized-crypto-exchange-sbf-1851667188","Mon, 07 Oct 2024 20:51:00 GMT","Others"
"1_29","Christine McVie’s Fleetwood Mac scrapbook, Dianne Feinstein’s books, and an iconic Marilyn Monroe portrait: this week’s auction block roundup","https://qz.com/this-week-s-auction-block-roundup-1851667217","Mon, 07 Oct 2024 20:19:00 GMT","Others"
"1_3","Domino's brings back 'emergency pizza' promotion that drove sales","https://qz.com/domino-emergency-pizza-promo-sales-driver-retail-1851668274","Tue, 08 Oct 2024 21:05:00 GMT","Others"
"1_30","McDonald's is suing Tyson Foods for allegedly choking the beef supply chain to raise prices","https://qz.com/mcdonalds-sues-tyson-foods-jbs-cargill-beef-supply-1851667117","Mon, 07 Oct 2024 19:56:00 GMT","Others"
"1_31","Donald Trump's plans would cut taxes on the richest 5% of America — and raise them for everyone else","https://qz.com/donald-trump-tax-cuts-wealthiest-americans-tarrifs-1851667005","Mon, 07 Oct 2024 19:07:00 GMT","Others"
"1_32","Super Micro Computer stock surges 15% on big AI demand","https://qz.com/super-micro-computer-stock-shares-surge-ai-demand-gpu-1851667019","Mon, 07 Oct 2024 19:05:36 GMT","Others"
"1_33","A hot meal on a transatlantic JetBlue flight will now cost extra","https://qz.com/jetblue-transatlantic-hot-food-cut-1851667000","Mon, 07 Oct 2024 18:28:00 GMT","Others"
"1_34","EV chargers that feel more like a gas station are coming","https://qz.com/rove-ev-charger-gas-station-california-1851667059","Mon, 07 Oct 2024 18:21:41 GMT","Others"
"1_35","Bankrupt EV startup Fisker left its abandoned headquarters in 'complete disarray'","https://qz.com/fisker-bankruptcy-evs-headquarters-lawsuit-1851667041","Mon, 07 Oct 2024 18:18:10 GMT","Others"
"1_36","A Frontier Airlines flight trailed flames as it landed","https://qz.com/frontier-airlines-flight-flames-land-las-vegas-airbus-1851667033","Mon, 07 Oct 2024 18:14:32 GMT","Others"
"1_37","A classic Hamptons home, cliffside Beverly Hills bungalow and mansion-sized Manhattan townhouse: This week’s real estate roundup","https://qz.com/most-fabulous-real-estate-listings-oct-2024-1851666947","Mon, 07 Oct 2024 17:58:00 GMT","Others"
"1_38","Trump Media stock spikes 15% after Elon Musk came to a campaign rally","https://qz.com/trump-media-djt-elon-musk-campaign-rally-butler-1851666928","Mon, 07 Oct 2024 17:46:23 GMT","Others"
"1_39","Panera Bread settled a Charged Lemonade lawsuit after a student's death","https://qz.com/panera-settles-lawsuit-death-charged-lemonade-1851666844","Mon, 07 Oct 2024 17:24:26 GMT","Others"
"1_4","Can Costco compete online without killing the 'treasure hunt'?","https://qz.com/can-costco-compete-online-without-killing-the-treasure-1851668136","Tue, 08 Oct 2024 19:55:00 GMT","Others"
"1_40","Tesla Cybertrucks are still being insured by Geico — despite claims otherwise","https://qz.com/tesla-cybertruck-geico-insurance-evs-elon-musk-1851666695","Mon, 07 Oct 2024 17:20:10 GMT","Terrorism / protest / political unrest / riot"
"1_41","Boeing is restarting talks to end a strike some compare to an economic Hurricane Helene","https://qz.com/boeing-strike-negotiations-act-of-god-1851666732","Mon, 07 Oct 2024 17:10:00 GMT","Natural Disasters"
"1_42","Who really created Bitcoin? A new HBO documentary claims it has the answer","https://qz.com/hbo-documentary-bitcoin-creator-satoshi-nakamoto-1851666819","Mon, 07 Oct 2024 16:40:00 GMT","Others"
"1_43","Martin Shkreli can't escape his $64 million fine","https://qz.com/supreme-court-martin-shkreli-fine-1851666753","Mon, 07 Oct 2024 15:46:00 GMT","Others"
"1_44","Red Lobster's new CEO admits it: 'Endless Shrimp' was a disaster","https://qz.com/red-lobster-ceo-endless-shrimp-disaster-1851666647","Mon, 07 Oct 2024 15:16:00 GMT","Others"
"1_45","Fisker is dead. But its legal problems are very much alive","https://qz.com/fisker-bankruptcy-sec-subpoena-legal-troubles-evs-1851666707","Mon, 07 Oct 2024 14:59:48 GMT","Others"
"1_46","Donald Trump would balloon the federal debt by twice as much as Kamala Harris, report says","https://qz.com/donald-trump-kamala-harris-federal-debt-crfb-1851666579","Mon, 07 Oct 2024 14:51:11 GMT","Others"
"1_47","FTX token, Sui, Aptos, Popcat, and more: Cryptocurrencies to watch this week","https://qz.com/ftx-token-sui-aptos-popcat-cryptocurrencies-to-watch-1851666642","Mon, 07 Oct 2024 14:23:00 GMT","Others"
"1_5","Americans are slowing down on their credit card spending — here’s why","https://qz.com/credit-card-spending-is-slowing-among-consumers-heres-1851667829","Tue, 08 Oct 2024 19:35:00 GMT","Others"
"1_6","Lyft rolls out new payment measures to gain more drivers","https://qz.com/lyft-will-start-charging-riders-extra-if-they-make-driv-1851667604","Tue, 08 Oct 2024 18:59:59 GMT","Others"
"1_7","FAANG and data center stocks are a buy to cash in on AI's next phase, strategist says","https://qz.com/faang-data-center-stocks-cash-in-on-ais-next-phase-1851668061","Tue, 08 Oct 2024 18:29:00 GMT","Others"
"1_8","Luxury car sales are tanking as drivers look for cheaper options","https://qz.com/cheap-affordable-vehicle-sales-grow-luxury-fall-prices-1851667915","Tue, 08 Oct 2024 18:25:58 GMT","Others"
"1_9","All the airports closing for Hurricane Milton","https://qz.com/hurricane-milton-airport-closures-orlando-tampa-1851667895","Tue, 08 Oct 2024 17:58:00 GMT","Natural Disasters"
"2_0","Arizona begins in-person and absentee voting, here's what you need to know","https://www.foxnews.com/politics/arizona-begins-in-person-absentee-voting-heres-what-you-need-know","Wed, 09 Oct 2024 05:00:15 -0400","Terrorism / protest / political unrest / riot"
"2_1","Biden-Harris admin ‘taking advice from foreign governments’ on policing speech, lawmaker charges","https://www.foxnews.com/politics/biden-harris-admin-taking-advice-from-foreign-governments-policing-speech-lawmaker-charges","Wed, 09 Oct 2024 04:00:43 -0400","Others"
"2_10","Biden undermines Harris claim that Ron DeSantis is politicizing hurricane response: 'Doing a great job'","https://www.foxnews.com/politics/biden-undermines-harris-claim-ron-desantis-politicizing-hurricane-response-doing-great-job","Tue, 08 Oct 2024 17:26:05 -0400","Natural Disasters"
"2_11","Supreme Court signals support for Biden administration regulation of 'ghost gun' kits","https://www.foxnews.com/politics/supreme-court-signals-support-biden-administration-regulation-ghost-gun-kits","Tue, 08 Oct 2024 17:19:54 -0400","Terrorism / protest / political unrest / riot"
"2_12","Reporter's Notebook: With no government shutdown, it feels like Christmas in September","https://www.foxnews.com/politics/reporters-notebook-no-government-shutdown-feels-like-christmas-september","Tue, 08 Oct 2024 16:25:15 -0400","Others"
"2_13","Prospects of a deal with Israel fade away as Saudis invite Iranian foreign minister to visit","https://www.foxnews.com/politics/iran-foreign-minister-saudi-arabia-deal-israel","Tue, 08 Oct 2024 16:29:30 -0400","Others"
"2_14","Early voting means 'election season' has already begun","https://www.foxnews.com/politics/days-until-voting-starts-election-season-kicks-off-sooner","Wed, 07 Aug 2024 10:44:25 -0400","Terrorism / protest / political unrest / riot"
"2_15","Overseas meth sent to US election building shuts down office for hours","https://www.foxnews.com/politics/overseas-meth-sent-us-election-building-shuts-down-office-hours","Tue, 08 Oct 2024 15:33:53 -0400","Terrorism / protest / political unrest / riot"
"2_16","Kamala Harris' tough words on Iran confounds critics","https://www.foxnews.com/politics/harris-iran-biggest-us-adversary-china","Tue, 08 Oct 2024 15:31:30 -0400","Others"
"2_17","New poll shows Harris taking a slim lead over Trump thanks to support from a surprising group","https://www.foxnews.com/politics/new-poll-shows-harris-taking-slim-lead-over-trump-support-from-surprising-group","Tue, 08 Oct 2024 15:19:54 -0400","Terrorism / protest / political unrest / riot"
"2_18","North Carolina residents will see changes to early voting after Hurricane Helene","https://www.foxnews.com/politics/north-carolina-residents-see-changes-early-voting-after-hurricane-helene","Tue, 08 Oct 2024 14:20:52 -0400","Terrorism / protest / political unrest / riot"
"2_19","New poll reveals which voter group are fueling Trump to a narrow edge over Harris in battleground","https://www.foxnews.com/politics/new-poll-which-voter-group-fueling-trump-narrow-edge-over-harris-battleground","Tue, 08 Oct 2024 14:00:03 -0400","Others"
"2_2","Georgia Dems chair reveals message to undecided GOP voters as Harris works to build broad base","https://www.foxnews.com/politics/georgia-dems-chair-reveals-message-undecided-gop-voters-harris-works-build-broad-base","Wed, 09 Oct 2024 04:00:39 -0400","Others"
"2_20","Texas AG demands Biden-Harris admin help verify citizenship of nearly 500K registered voters","https://www.foxnews.com/politics/texas-ag-demands-biden-harris-admin-help-verify-citizenship-nearly-500k-registered-voters","Tue, 08 Oct 2024 13:21:56 -0400","Others"
"2_21","SEE IT: Wisconsin dairy farmer says 'no question' Trump admin was 'much better' than Biden-Harris","https://www.foxnews.com/politics/see-it-wisconsin-dairy-farmer-says-no-question-trump-admin-much-better-than-biden-harris","Tue, 08 Oct 2024 13:08:37 -0400","Others"
"2_22","Biden cancels overseas trip as Milton bears down on Florida; DeSantis tells VP 'it's not about you Kamala'","https://www.foxnews.com/politics/biden-cancels-overseas-trip-milton-bears-down-florida-desantis-tells-vp-its-not-about-you-kamala","Tue, 08 Oct 2024 13:01:02 -0400","Natural Disasters"
"2_23","Mayorkas rips 'politicized' atmosphere over FEMA disaster response amid GOP criticism: 'It sows distrust'","https://www.foxnews.com/politics/mayorkas-rips-politicized-atmosphere-over-fema-disaster-response-amid-gop-criticism-it-sows-distrust","Tue, 08 Oct 2024 12:59:00 -0400","Natural Disasters"
"2_24","Hispanic voters rail against 'dishonest' Biden-Harris border record as poll shows Trump gaining in key states","https://www.foxnews.com/politics/hispanic-voters-rail-against-dishonest-biden-harris-border-record-poll-shows-trump-gaining-key-states","Tue, 08 Oct 2024 12:03:07 -0400","Others"
"2_3","Trump-backed House candidate rips Biden's 'joke' border policy for inviting gang violence to swing state","https://www.foxnews.com/politics/trump-backed-house-candidate-rips-bidens-joke-border-policy","Wed, 09 Oct 2024 04:00:35 -0400","Others"
"2_4","From kissy-face sitdown on ‘The View’ to a tougher grilling on ‘60 Minutes,’ Kamala Harris is making news","https://www.foxnews.com/politics/kissy-face-sitdown-view-tougher-grilling-60-minutes-kamala-harris-finally-making-news","Wed, 09 Oct 2024 03:00:02 -0400","Positive/Uplifting"
"2_5","Tim Walz calls for elimination of Electoral College at California fundraiser, says 'it needs to go'","https://www.foxnews.com/politics/tim-walz-calls-elimination-electoral-college-california-fundraiser-says-it-needs-go","Tue, 08 Oct 2024 21:44:52 -0400","Others"
"2_6","Israel’s Minister of Defense cancels visit to Pentagon amid Middle East conflict escalation","https://www.foxnews.com/politics/israels-minister-defense-cancels-visit-pentagon-amid-middle-east-conflict-escalation","Tue, 08 Oct 2024 19:57:47 -0400","Others"
"2_7","'Abandon Harris' group endorses Jill Stein over 'pro-genocide candidate' Kamala Harris","https://www.foxnews.com/politics/abandon-harris-group-endorses-jill-stein-over-pro-genocide-candidate-kamala","Tue, 08 Oct 2024 19:02:27 -0400","Terrorism / protest / political unrest / riot"
"2_8","US officials reveal fate of nabbed Tajikistan illegal immigrants with alleged ISIS ties","https://www.foxnews.com/politics/us-officials-reveal-fate-nabbed-tajikistan-illegal-immigrants-alleged-isis-ties","Tue, 08 Oct 2024 18:30:32 -0400","Others"
"2_9","Fox News Politics: Harris on '60 minutes': Joe 2.0?","https://www.foxnews.com/politics/fox-news-politics-harris-60-minutes-joe-2-0","Tue, 08 Oct 2024 17:36:21 -0400","Others"
"4_0","Xi Jinping celebrates China’s rising power — and his own","http://www.pbs.org/newshour/bb/xi-jinping-celebrates-chinas-rising-power/","Wed, 18 Oct 2017 22:35:21 +0000","Positive/Uplifting"
"4_1","The battle for Mosul is over, but this hidden ISIS danger could lurk for years","http://www.pbs.org/newshour/bb/battle-mosul-hidden-isis-danger-lurk-years/","Wed, 18 Oct 2017 22:20:26 +0000","Others"
"4_10","Rex Tillerson says continue diplomacy with North Korea ‘until first bomb drops’","http://www.pbs.org/newshour/rundown/rex-tillerson-says-continue-diplomacy-north-korea-first-bomb-drops/","Mon, 16 Oct 2017 11:08:00 +0000","Others"
"4_11","Iraqi, Kurdish forces in standoff, weeks after Kurdish vote for independence","http://www.pbs.org/newshour/bb/iraqi-kurdish-forces-standoff-weeks-kurdish-vote-independence/","Sun, 15 Oct 2017 20:33:23 +0000","Others"
"4_12","South Sudan civil war causes Africa’s worst refugee crisis","http://www.pbs.org/newshour/bb/south-sudan-civil-war-causes-africas-worst-refugee-crisis/","Sun, 15 Oct 2017 19:26:17 +0000","Others"
"4_13","Hundreds dead after massive truck bomb strikes Mogadishu","http://www.pbs.org/newshour/rundown/hundreds-dead-massive-truck-bomb-strikes-mogadishu/","Sun, 15 Oct 2017 16:27:49 +0000","Others"
"4_14","Column: Why reporting from South Sudan is so difficult — and critically needed","http://www.pbs.org/newshour/updates/reporters-notebook-reporting-south-sudan-difficult-critically-needed/","Sun, 15 Oct 2017 14:27:40 +0000","Others"
"4_2","As Rohingya refugees continue to flee from persecution, here’s how you can help","http://www.pbs.org/newshour/rundown/rohingya-refugees-continue-flee-persecution-heres-can-help/","Wed, 18 Oct 2017 20:58:34 +0000","Others"
"4_3","Tillerson: ‘Heartbreaking’ reports of suffering in Myanmar","http://www.pbs.org/newshour/rundown/tillerson-heartbreaking-reports-suffering-myanmar/","Wed, 18 Oct 2017 15:36:51 +0000","Others"
"4_4","Far-right groups gain ground in Sweden and Germany amid migrant influx","http://www.pbs.org/newshour/bb/far-right-groups-gain-ground-sweden-germany-amid-migrant-influx/","Tue, 17 Oct 2017 22:30:37 +0000","Terrorism / protest / political unrest / riot"
"4_5","U.S.-backed Syrian forces recapture Raqqa from Islamic State group","http://www.pbs.org/newshour/rundown/u-s-backed-syrian-forces-recapture-raqqa-from-islamic-state-group/","Tue, 17 Oct 2017 16:57:20 +0000","Others"
"4_6","WATCH: Trump and Greek prime minister hold joint news conference","http://www.pbs.org/newshour/rundown/watch-live-trump-and-greek-prime-minister-hold-joint-press-conference/","Tue, 17 Oct 2017 16:28:24 +0000","Others"
"4_7","U.S., Japan agree to maximize diplomatic pressure on North Korea","http://www.pbs.org/newshour/rundown/u-s-japan-agree-maximize-diplomatic-pressure-north-korea/","Tue, 17 Oct 2017 13:01:05 +0000","Others"
"4_8","News Wrap: Dozens missing after deadly Mogadishu truck bombing","http://www.pbs.org/newshour/bb/news-wrap-dozens-missing-deadly-mogadishu-truck-bombing/","Mon, 16 Oct 2017 22:45:17 +0000","Others"
"4_9","Why a power struggle has broken out over Kirkuk","http://www.pbs.org/newshour/bb/power-struggle-broken-kirkuk/","Mon, 16 Oct 2017 22:40:31 +0000","Others"
"5_0","Kashmir and Haryana prove India exit polls wrong","https://www.bbc.com/news/articles/cx2y4ew10wxo","Tue, 08 Oct 2024 12:15:30 GMT","Others"
"5_1","'Our son died. Now we can use his sperm to have a grandchild'","https://www.bbc.com/news/articles/cnvdgv6rejvo","Wed, 09 Oct 2024 08:47:10 GMT","Others"
"5_10","My mission is to take Tamil music global, says Sid Sriram","https://www.bbc.com/news/articles/cvgwwqpdj74o","Sun, 06 Oct 2024 00:25:44 GMT","Others"
"5_11","India's top court saves a poor student's college dream","https://www.bbc.com/news/articles/cx25nq12n10o","Thu, 03 Oct 2024 09:24:47 GMT","Others"
"5_12","The 'mastermind' behind India's biggest jailbreak","https://www.bbc.com/news/articles/c1dd9rj3vmyo","Tue, 01 Oct 2024 01:48:53 GMT","Others"
"5_13","The world’s diamond polishing capital feels Ukraine war impact","https://www.bbc.com/news/articles/c1e866ypp1zo","Mon, 30 Sep 2024 01:04:21 GMT","Others"
"5_14","Sold out in minutes, resold for millions: Coldplay tickets spark outrage in India","https://www.bbc.com/news/articles/c99v12e3yj4o","Sun, 29 Sep 2024 01:24:50 GMT","Others"
"5_15","A famed holy sweet in an unsavoury row in India","https://www.bbc.com/news/articles/cglkenxgd5xo","Thu, 26 Sep 2024 21:41:55 GMT","Others"
"5_16","Your essential guide to the ICC Women's T20 World Cup","https://www.bbc.com/sport/cricket/articles/c99vp4yyyyxo","Tue, 01 Oct 2024 07:59:27 GMT","Others"
"5_17","The Kashmiri politician whose return from jail ruffled feathers","https://www.bbc.com/news/articles/cgj4l01q9jgo","Thu, 26 Sep 2024 01:00:04 GMT","Others"
"5_18","Death of Indian employee sparks debate on 'toxic work culture'","https://www.bbc.com/news/articles/c0kjgp4jr5yo","Tue, 24 Sep 2024 21:39:31 GMT","Others"
"5_19","Tigers and crocs make mangrove preservation tough work","https://www.bbc.com/news/articles/crrldyvqe4xo","Mon, 23 Sep 2024 23:09:02 GMT","Others"
"5_2","Indian financial aid opens 'new chapter' with Maldives","https://www.bbc.com/news/articles/cly4eq78k5qo","Mon, 07 Oct 2024 12:24:15 GMT","Others"
"5_20","How Punjabi megastar Diljit Dosanjh is inspiring the next gen","https://www.bbc.com/news/articles/cwy9gln6lz6o","Sat, 21 Sep 2024 23:51:46 GMT","Others"
"5_21","Hema committee report: Why are India's biggest film stars silent?","https://www.bbc.com/news/articles/cn9dgjd8rewo","Thu, 19 Sep 2024 21:39:03 GMT","Others"
"5_22","Volunteers dying as Russia’s war dead tops 70,000","https://www.bbc.com/news/articles/cjr3255gpjgo","Thu, 19 Sep 2024 23:12:45 GMT","Others"
"5_23","Why hundreds of Samsung workers are protesting in India","https://www.bbc.com/news/articles/c7488w85n00o","Thu, 19 Sep 2024 13:51:52 GMT","Terrorism / protest / political unrest / riot"
"5_24","'Please save me': The Indians duped into fighting for Russia","https://www.bbc.com/news/articles/cly6ve2x72xo","Wed, 18 Sep 2024 08:11:06 GMT","Others"
"5_25","After a decade, Kashmir votes in historic elections","https://www.bbc.com/news/articles/cpw84kv9q8yo","Mon, 16 Sep 2024 08:31:13 GMT","Others"
"5_26","The German woman who helped build an Indian university","https://www.bbc.com/news/articles/cn020ywgx2yo","Mon, 16 Sep 2024 21:41:27 GMT","Others"
"5_27","India's oldest trams may soon be brought to a halt","https://www.bbc.com/news/articles/cr54qr64n1qo","Tue, 01 Oct 2024 12:27:53 GMT","Others"
"5_28","Kolkata night protest: 'Today I witnessed history'","https://www.bbc.com/news/videos/ce3106yz19do","Thu, 15 Aug 2024 10:22:01 GMT","Terrorism / protest / political unrest / riot"
"5_29","Watch: Thousands of women protest about rape and murder of doctor in India","https://www.bbc.com/news/videos/czx67lknn54o","Thu, 15 Aug 2024 08:56:44 GMT","Terrorism / protest / political unrest / riot"
"5_3","Why are there so many dropped catches at T20 World Cup?","https://www.bbc.com/sport/cricket/articles/cg78yd0p088o","Sun, 06 Oct 2024 20:01:57 GMT","Others"
"5_30","Watch: Building collapses into river in Himachal Pradesh","https://www.bbc.com/news/videos/c1vdw9546wwo","Thu, 01 Aug 2024 07:44:51 GMT","Others"
"5_31","Watch: Blue screens, queues and airport delays worldwide","https://www.bbc.com/news/videos/cz7ejpld988o","Fri, 19 Jul 2024 11:51:09 GMT","Others"
"5_32","Lavish Ambani wedding divides opinions in India","https://www.bbc.com/news/videos/cgr5073mz74o","Fri, 12 Jul 2024 13:22:41 GMT","Others"
"5_33","Former PMs, film and sports stars join Ambani wedding","https://www.bbc.com/news/videos/cv2gnv34kyeo","Fri, 12 Jul 2024 21:10:01 GMT","Others"
"5_34","WATCH: Families mourn victims of deadly India crush","https://www.bbc.com/news/videos/cw4ypql875ko","Wed, 03 Jul 2024 09:42:54 GMT","Others"
"5_35","Watch: Delhi airport roof collapses due to heavy rain","https://www.bbc.com/news/videos/c134zdz2nnro","Fri, 28 Jun 2024 07:43:43 GMT","Others"
"5_36","What worked for India's Modi - and what didn’t?","https://www.bbc.com/news/articles/ce442577v35o","Tue, 04 Jun 2024 15:32:32 GMT","Others"
"5_37","Arrests, accusations and AI: India’s election unpacked","https://www.bbc.com/news/videos/cqqq2g653gro","Sat, 01 Jun 2024 23:07:59 GMT","Others"
"5_4","Climbers rescued after three days in the Himalayas","https://www.bbc.com/news/articles/c93y147z4pdo","Sun, 06 Oct 2024 16:14:26 GMT","Others"
"5_5","India government says criminalising marital rape 'excessively harsh'","https://www.bbc.com/news/articles/c80r38yeempo","Fri, 04 Oct 2024 06:32:38 GMT","Others"
"5_6","Maldives president visits India amid trouble in tourist paradise","https://www.bbc.com/news/articles/ce8vz8j60kno","Sun, 06 Oct 2024 00:10:51 GMT","Others"
"5_7","The Polish artist who painted Hindu gods in Indian palaces","https://www.bbc.com/news/articles/c8xe17pegrno","Fri, 04 Oct 2024 23:21:43 GMT","Others"
"5_8","How India became a Test cricket powerhouse","https://www.bbc.com/news/articles/cz6w0lygq22o","Thu, 03 Oct 2024 21:27:11 GMT","Others"
"5_9","India's iconic tramcars set to ride into Kolkata sunset","https://www.bbc.com/news/articles/ckgn4mzn224o","Tue, 01 Oct 2024 23:30:25 GMT","Others"
